{"IcoMoonType":"selection","icons":[{"icon":{"paths":["M384 928c0 53.019-42.981 96-96 96s-96-42.981-96-96c0-53.019 42.981-96 96-96s96 42.981 96 96z","M1024 928c0 53.019-42.981 96-96 96s-96-42.981-96-96c0-53.019 42.981-96 96-96s96 42.981 96 96z","M1024 512v-384h-768c0-35.346-28.654-64-64-64h-192v64h128l48.074 412.054c-29.294 23.458-48.074 59.5-48.074 99.946 0 70.696 57.308 128 128 128h768v-64h-768c-35.346 0-64-28.654-64-64 0-0.218 0.014-0.436 0.016-0.656l831.984-127.344z"],"tags":["cart","purchase","ecommerce","shopping"],"defaultCode":59706,"grid":16,"attrs":[]},"attrs":[],"properties":{"ligatures":"cart, purchase","name":"cart","order":31,"id":59,"prevSize":32,"code":59706},"setIdx":0,"setId":1,"iconIdx":58},{"icon":{"paths":["M512 0c-282.77 0-512 229.23-512 512s229.23 512 512 512 512-229.23 512-512-229.23-512-512-512zM512 928c-229.75 0-416-186.25-416-416s186.25-416 416-416 416 186.25 416 416-186.25 416-416 416zM384 288l384 224-384 224z"],"tags":["play","player"],"defaultCode":59925,"grid":16,"attrs":[]},"attrs":[],"properties":{"ligatures":"play2, player","name":"play2","order":23,"id":278,"prevSize":32,"code":59925},"setIdx":0,"setId":1,"iconIdx":277},{"icon":{"paths":["M512 0c-282.77 0-512 229.23-512 512s229.23 512 512 512 512-229.23 512-512-229.23-512-512-512zM512 928c-229.75 0-416-186.25-416-416s186.25-416 416-416 416 186.25 416 416-186.25 416-416 416zM320 320h128v384h-128zM576 320h128v384h-128z"],"tags":["pause","player"],"defaultCode":59926,"grid":16,"attrs":[]},"attrs":[],"properties":{"ligatures":"pause, player2","name":"pause","order":24,"id":279,"prevSize":32,"code":59926},"setIdx":0,"setId":1,"iconIdx":278},{"icon":{"paths":["M512 0c-282.77 0-512 229.23-512 512s229.23 512 512 512 512-229.23 512-512-229.23-512-512-512zM512 928c-229.75 0-416-186.25-416-416s186.25-416 416-416 416 186.25 416 416-186.25 416-416 416zM320 320h384v384h-384z"],"tags":["stop","player"],"defaultCode":59927,"grid":16,"attrs":[]},"attrs":[],"properties":{"ligatures":"stop, player3","name":"stop","order":25,"id":280,"prevSize":32,"code":59927},"setIdx":0,"setId":1,"iconIdx":279},{"icon":{"paths":["M512 0c-282.77 0-512 229.23-512 512s229.23 512 512 512 512-229.23 512-512-229.23-512-512-512zM512 928c-229.75 0-416-186.25-416-416s186.25-416 416-416 416 186.25 416 416-186.25 416-416 416z","M448 512l256-192v384z","M320 320h128v384h-128v-384z"],"tags":["previous","player"],"defaultCode":59928,"grid":16,"attrs":[]},"attrs":[],"properties":{"ligatures":"previous, player4","name":"previous","order":26,"id":281,"prevSize":32,"code":59928},"setIdx":0,"setId":1,"iconIdx":280},{"icon":{"paths":["M512 0c282.77 0 512 229.23 512 512s-229.23 512-512 512-512-229.23-512-512 229.23-512 512-512zM512 928c229.75 0 416-186.25 416-416s-186.25-416-416-416-416 186.25-416 416 186.25 416 416 416z","M576 512l-256-192v384z","M704 320h-128v384h128v-384z"],"tags":["next","player"],"defaultCode":59929,"grid":16,"attrs":[]},"attrs":[],"properties":{"ligatures":"next, player5","name":"next","order":27,"id":282,"prevSize":32,"code":59929},"setIdx":0,"setId":1,"iconIdx":281},{"icon":{"paths":["M512 1024c282.77 0 512-229.23 512-512s-229.23-512-512-512-512 229.23-512 512 229.23 512 512 512zM512 96c229.75 0 416 186.25 416 416s-186.25 416-416 416-416-186.25-416-416 186.25-416 416-416zM704 672l-224-160 224-160zM448 672l-224-160 224-160z"],"tags":["backward","player"],"defaultCode":59930,"grid":16,"attrs":[]},"attrs":[],"properties":{"ligatures":"backward, player6","name":"backward","order":28,"id":283,"prevSize":32,"code":59930},"setIdx":0,"setId":1,"iconIdx":282},{"icon":{"paths":["M512 0c-282.77 0-512 229.23-512 512s229.23 512 512 512 512-229.23 512-512-229.23-512-512-512zM512 928c-229.75 0-416-186.25-416-416s186.25-416 416-416 416 186.25 416 416-186.25 416-416 416zM320 352l224 160-224 160zM576 352l224 160-224 160z"],"tags":["forward","player"],"defaultCode":59931,"grid":16,"attrs":[]},"attrs":[],"properties":{"ligatures":"forward2, player7","name":"forward2","order":29,"id":284,"prevSize":32,"code":59931},"setIdx":0,"setId":1,"iconIdx":283},{"icon":{"paths":["M192 128l640 384-640 384z"],"tags":["play","player"],"defaultCode":59932,"grid":16,"attrs":[]},"attrs":[],"properties":{"ligatures":"play3, player8","name":"play3","order":30,"id":285,"prevSize":32,"code":59932},"setIdx":0,"setId":1,"iconIdx":284},{"icon":{"paths":["M128 128h320v768h-320zM576 128h320v768h-320z"],"tags":["pause","player"],"defaultCode":59933,"grid":16,"attrs":[]},"attrs":[],"properties":{"ligatures":"pause2, player9","name":"pause2","order":6,"id":286,"prevSize":32,"code":59933},"setIdx":0,"setId":1,"iconIdx":285},{"icon":{"paths":["M128 128h768v768h-768z"],"tags":["stop","player","square"],"defaultCode":59934,"grid":16,"attrs":[]},"attrs":[],"properties":{"ligatures":"stop2, player10","name":"stop2","order":7,"id":287,"prevSize":32,"code":59934},"setIdx":0,"setId":1,"iconIdx":286},{"icon":{"paths":["M576 160v320l320-320v704l-320-320v320l-352-352z"],"tags":["backward","player"],"defaultCode":59935,"grid":16,"attrs":[]},"attrs":[],"properties":{"ligatures":"backward2, player11","name":"backward2","order":8,"id":288,"prevSize":32,"code":59935},"setIdx":0,"setId":1,"iconIdx":287},{"icon":{"paths":["M512 864v-320l-320 320v-704l320 320v-320l352 352z"],"tags":["forward","player"],"defaultCode":59936,"grid":16,"attrs":[]},"attrs":[],"properties":{"ligatures":"forward3, player12","name":"forward3","order":9,"id":289,"prevSize":32,"code":59936},"setIdx":0,"setId":1,"iconIdx":288},{"icon":{"paths":["M128 896v-768h128v352l320-320v320l320-320v704l-320-320v320l-320-320v352z"],"tags":["first","player"],"defaultCode":59937,"grid":16,"attrs":[]},"attrs":[],"properties":{"ligatures":"first, player13","name":"first","order":12,"id":290,"prevSize":32,"code":59937},"setIdx":0,"setId":1,"iconIdx":289},{"icon":{"paths":["M896 128v768h-128v-352l-320 320v-320l-320 320v-704l320 320v-320l320 320v-352z"],"tags":["last","player"],"defaultCode":59938,"grid":16,"attrs":[]},"attrs":[],"properties":{"ligatures":"last, player14","name":"last","order":11,"id":291,"prevSize":32,"code":59938},"setIdx":0,"setId":1,"iconIdx":290},{"icon":{"paths":["M256 896v-768h128v352l320-320v704l-320-320v352z"],"tags":["previous","player"],"defaultCode":59939,"grid":16,"attrs":[]},"attrs":[],"properties":{"ligatures":"previous2, player15","name":"previous2","order":13,"id":292,"prevSize":32,"code":59939},"setIdx":0,"setId":1,"iconIdx":291},{"icon":{"paths":["M768 128v768h-128v-352l-320 320v-704l320 320v-352z"],"tags":["next","player"],"defaultCode":59940,"grid":16,"attrs":[]},"attrs":[],"properties":{"ligatures":"next2, player16","name":"next2","order":14,"id":293,"prevSize":32,"code":59940},"setIdx":0,"setId":1,"iconIdx":292},{"icon":{"paths":["M0 768h1024v128h-1024zM512 128l512 512h-1024z"],"tags":["eject","player"],"defaultCode":59941,"grid":16,"attrs":[]},"attrs":[],"properties":{"ligatures":"eject, player17","name":"eject","order":15,"id":294,"prevSize":32,"code":59941},"setIdx":0,"setId":1,"iconIdx":293},{"icon":{"width":1088,"paths":["M890.040 922.040c-12.286 0-24.566-4.686-33.942-14.056-18.744-18.746-18.744-49.136 0-67.882 87.638-87.642 135.904-204.16 135.904-328.1 0-123.938-48.266-240.458-135.904-328.098-18.744-18.746-18.744-49.138 0-67.882s49.138-18.744 67.882 0c105.77 105.772 164.022 246.4 164.022 395.98s-58.252 290.208-164.022 395.98c-9.372 9.372-21.656 14.058-33.94 14.058zM719.53 831.53c-12.286 0-24.566-4.686-33.942-14.056-18.744-18.744-18.744-49.136 0-67.882 131.006-131.006 131.006-344.17 0-475.176-18.744-18.746-18.744-49.138 0-67.882 18.744-18.742 49.138-18.744 67.882 0 81.594 81.59 126.53 190.074 126.53 305.466 0 115.39-44.936 223.876-126.53 305.47-9.372 9.374-21.656 14.060-33.94 14.060v0zM549.020 741.020c-12.286 0-24.568-4.686-33.942-14.058-18.746-18.746-18.746-49.134 0-67.88 81.1-81.1 81.1-213.058 0-294.156-18.746-18.746-18.746-49.138 0-67.882s49.136-18.744 67.882 0c118.53 118.53 118.53 311.392 0 429.922-9.372 9.368-21.656 14.054-33.94 14.054z","M416.006 960c-8.328 0-16.512-3.25-22.634-9.374l-246.626-246.626h-114.746c-17.672 0-32-14.326-32-32v-320c0-17.672 14.328-32 32-32h114.746l246.626-246.628c9.154-9.154 22.916-11.89 34.874-6.936 11.958 4.952 19.754 16.622 19.754 29.564v832c0 12.944-7.796 24.612-19.754 29.564-3.958 1.64-8.118 2.436-12.24 2.436z"],"tags":["volume-high","volume","audio","speaker","player"],"defaultCode":59942,"grid":16,"attrs":[]},"attrs":[],"properties":{"ligatures":"volume-high, volume","name":"volume-high","order":21,"id":295,"prevSize":32,"code":59942},"setIdx":0,"setId":1,"iconIdx":294},{"icon":{"paths":["M719.53 831.53c-12.286 0-24.566-4.686-33.942-14.056-18.744-18.744-18.744-49.136 0-67.882 131.006-131.006 131.006-344.17 0-475.176-18.744-18.746-18.744-49.138 0-67.882 18.744-18.742 49.138-18.744 67.882 0 81.594 81.59 126.53 190.074 126.53 305.466 0 115.39-44.936 223.876-126.53 305.47-9.372 9.374-21.656 14.060-33.94 14.060v0zM549.020 741.020c-12.286 0-24.566-4.686-33.942-14.058-18.746-18.746-18.746-49.134 0-67.88 81.1-81.1 81.1-213.058 0-294.156-18.746-18.746-18.746-49.138 0-67.882s49.136-18.744 67.882 0c118.53 118.53 118.53 311.392 0 429.922-9.372 9.368-21.656 14.054-33.94 14.054z","M416.006 960c-8.328 0-16.512-3.25-22.634-9.374l-246.626-246.626h-114.746c-17.672 0-32-14.326-32-32v-320c0-17.672 14.328-32 32-32h114.746l246.626-246.628c9.154-9.154 22.916-11.89 34.874-6.936 11.958 4.952 19.754 16.622 19.754 29.564v832c0 12.944-7.796 24.612-19.754 29.564-3.958 1.64-8.118 2.436-12.24 2.436z"],"tags":["volume-medium","volume","audio","speaker","player"],"defaultCode":59943,"grid":16,"attrs":[]},"attrs":[],"properties":{"ligatures":"volume-medium, volume2","name":"volume-medium","order":16,"id":296,"prevSize":32,"code":59943},"setIdx":0,"setId":1,"iconIdx":295},{"icon":{"paths":["M549.020 741.020c-12.286 0-24.566-4.686-33.942-14.058-18.746-18.746-18.746-49.134 0-67.88 81.1-81.1 81.1-213.058 0-294.156-18.746-18.746-18.746-49.138 0-67.882s49.136-18.744 67.882 0c118.53 118.53 118.53 311.392 0 429.922-9.372 9.368-21.656 14.054-33.94 14.054z","M416.006 960c-8.328 0-16.512-3.25-22.634-9.374l-246.626-246.626h-114.746c-17.672 0-32-14.326-32-32v-320c0-17.672 14.328-32 32-32h114.746l246.626-246.628c9.154-9.154 22.916-11.89 34.874-6.936 11.958 4.952 19.754 16.622 19.754 29.564v832c0 12.944-7.796 24.612-19.754 29.564-3.958 1.64-8.118 2.436-12.24 2.436z"],"tags":["volume-low","volume","audio","speaker","player"],"defaultCode":59944,"grid":16,"attrs":[]},"attrs":[],"properties":{"ligatures":"volume-low, volume3","name":"volume-low","order":17,"id":297,"prevSize":32,"code":59944},"setIdx":0,"setId":1,"iconIdx":296},{"icon":{"paths":["M416.006 960c-8.328 0-16.512-3.25-22.634-9.374l-246.626-246.626h-114.746c-17.672 0-32-14.326-32-32v-320c0-17.672 14.328-32 32-32h114.746l246.626-246.628c9.154-9.154 22.916-11.89 34.874-6.936 11.958 4.952 19.754 16.622 19.754 29.564v832c0 12.944-7.796 24.612-19.754 29.564-3.958 1.64-8.118 2.436-12.24 2.436z"],"tags":["volume-mute","volume","audio","speaker","player"],"defaultCode":59945,"grid":16,"attrs":[]},"attrs":[],"properties":{"ligatures":"volume-mute, volume4","name":"volume-mute","order":18,"id":298,"prevSize":32,"code":59945},"setIdx":0,"setId":1,"iconIdx":297},{"icon":{"paths":["M960 619.148v84.852h-84.852l-107.148-107.148-107.148 107.148h-84.852v-84.852l107.148-107.148-107.148-107.148v-84.852h84.852l107.148 107.148 107.148-107.148h84.852v84.852l-107.148 107.148 107.148 107.148z","M416.006 960c-8.328 0-16.512-3.25-22.634-9.374l-246.626-246.626h-114.746c-17.672 0-32-14.326-32-32v-320c0-17.672 14.328-32 32-32h114.746l246.626-246.628c9.154-9.154 22.916-11.89 34.874-6.936 11.958 4.952 19.754 16.622 19.754 29.564v832c0 12.944-7.796 24.612-19.754 29.564-3.958 1.64-8.118 2.436-12.24 2.436z"],"tags":["volume-mute","volume","audio","player"],"defaultCode":59946,"grid":16,"attrs":[]},"attrs":[],"properties":{"ligatures":"volume-mute2, volume5","name":"volume-mute2","order":19,"id":299,"prevSize":32,"code":59946},"setIdx":0,"setId":1,"iconIdx":298},{"icon":{"paths":["M1024 576h-192v192h-128v-192h-192v-128h192v-192h128v192h192v128z","M416.006 960c-8.328 0-16.512-3.25-22.634-9.374l-246.626-246.626h-114.746c-17.672 0-32-14.326-32-32v-320c0-17.672 14.328-32 32-32h114.746l246.626-246.628c9.154-9.154 22.916-11.89 34.874-6.936 11.958 4.952 19.754 16.622 19.754 29.564v832c0 12.944-7.796 24.612-19.754 29.564-3.958 1.64-8.118 2.436-12.24 2.436z"],"tags":["volume-increase","volume","audio","speaker","player"],"defaultCode":59947,"grid":16,"attrs":[]},"attrs":[],"properties":{"ligatures":"volume-increase, volume6","name":"volume-increase","order":20,"id":300,"prevSize":32,"code":59947},"setIdx":0,"setId":1,"iconIdx":299},{"icon":{"paths":["M0 512c0 282.77 229.23 512 512 512s512-229.23 512-512-229.23-512-512-512-512 229.23-512 512zM928 512c0 229.75-186.25 416-416 416s-416-186.25-416-416 186.25-416 416-416 416 186.25 416 416z","M706.744 669.256l90.512-90.512-285.256-285.254-285.254 285.256 90.508 90.508 194.746-194.744z"],"tags":["circle-up","up","circle-top","arrow"],"defaultCode":59969,"grid":16,"attrs":[]},"attrs":[],"properties":{"ligatures":"circle-up, up3","name":"circle-up","order":2,"id":322,"prevSize":32,"code":59969},"setIdx":0,"setId":1,"iconIdx":321},{"icon":{"paths":["M512 0c-282.77 0-512 229.23-512 512s229.23 512 512 512 512-229.23 512-512-229.23-512-512-512zM512 928c-229.75 0-416-186.25-416-416s186.25-416 416-416 416 186.25 416 416-186.25 416-416 416z","M354.744 706.744l90.512 90.512 285.254-285.256-285.256-285.254-90.508 90.508 194.744 194.746z"],"tags":["circle-right","right","circle-next","arrow"],"defaultCode":59970,"grid":16,"attrs":[]},"attrs":[],"properties":{"ligatures":"circle-right, right5","name":"circle-right","order":3,"id":323,"prevSize":32,"code":59970},"setIdx":0,"setId":1,"iconIdx":322},{"icon":{"paths":["M1024 512c0-282.77-229.23-512-512-512s-512 229.23-512 512 229.23 512 512 512 512-229.23 512-512zM96 512c0-229.75 186.25-416 416-416s416 186.25 416 416-186.25 416-416 416-416-186.25-416-416z","M317.256 354.744l-90.512 90.512 285.256 285.254 285.254-285.256-90.508-90.508-194.746 194.744z"],"tags":["circle-down","down","circle-bottom","arrow"],"defaultCode":59971,"grid":16,"attrs":[]},"attrs":[],"properties":{"ligatures":"circle-down, down3","name":"circle-down","order":4,"id":324,"prevSize":32,"code":59971},"setIdx":0,"setId":1,"iconIdx":323},{"icon":{"paths":["M512 1024c282.77 0 512-229.23 512-512s-229.23-512-512-512-512 229.23-512 512 229.23 512 512 512zM512 96c229.75 0 416 186.25 416 416s-186.25 416-416 416-416-186.25-416-416 186.25-416 416-416z","M669.256 317.256l-90.512-90.512-285.254 285.256 285.256 285.254 90.508-90.508-194.744-194.746z"],"tags":["circle-left","left","circle-previous","arrow"],"defaultCode":59972,"grid":16,"attrs":[]},"attrs":[],"properties":{"ligatures":"circle-left, left5","name":"circle-left","order":5,"id":325,"prevSize":32,"code":59972},"setIdx":0,"setId":1,"iconIdx":324}],"height":1024,"metadata":{"name":"icomoon"},"preferences":{"showGlyphs":true,"showQuickUse":true,"showQuickUse2":true,"showSVGs":true,"fontPref":{"prefix":"icon-","metadata":{"fontFamily":"icomoon"},"metrics":{"emSize":1024,"baseline":6.25,"whitespace":50},"embed":false},"imagePref":{"prefix":"icon-","png":true,"useClassSelector":true,"color":0,"bgColor":16777215,"classSelector":".icon"},"historySize":50,"showCodes":true,"gridSize":16}}